--
-- PostgreSQL database dump
--

-- Dumped from database version 12.9 (Ubuntu 12.9-2.pgdg20.04+1)
-- Dumped by pg_dump version 12.9 (Ubuntu 12.9-2.pgdg20.04+1)

SET statement_timeout = 0;
SET lock_timeout = 0;
SET idle_in_transaction_session_timeout = 0;
SET client_encoding = 'UTF8';
SET standard_conforming_strings = on;
SELECT pg_catalog.set_config('search_path', '', false);
SET check_function_bodies = false;
SET xmloption = content;
SET client_min_messages = warning;
SET row_security = off;

DROP DATABASE universe;
--
-- Name: universe; Type: DATABASE; Schema: -; Owner: freecodecamp
--

CREATE DATABASE universe WITH TEMPLATE = template0 ENCODING = 'UTF8' LC_COLLATE = 'C.UTF-8' LC_CTYPE = 'C.UTF-8';


ALTER DATABASE universe OWNER TO freecodecamp;

\connect universe

SET statement_timeout = 0;
SET lock_timeout = 0;
SET idle_in_transaction_session_timeout = 0;
SET client_encoding = 'UTF8';
SET standard_conforming_strings = on;
SELECT pg_catalog.set_config('search_path', '', false);
SET check_function_bodies = false;
SET xmloption = content;
SET client_min_messages = warning;
SET row_security = off;

SET default_tablespace = '';

SET default_table_access_method = heap;

--
-- Name: galaxy; Type: TABLE; Schema: public; Owner: freecodecamp
--

CREATE TABLE public.galaxy (
    galaxy_id integer NOT NULL,
    name character varying(60) NOT NULL,
    supercluster_id integer,
    description text,
    shape character varying(30)
);


ALTER TABLE public.galaxy OWNER TO freecodecamp;

--
-- Name: galaxy_galaxy_id_seq; Type: SEQUENCE; Schema: public; Owner: freecodecamp
--

CREATE SEQUENCE public.galaxy_galaxy_id_seq
    AS integer
    START WITH 1
    INCREMENT BY 1
    NO MINVALUE
    NO MAXVALUE
    CACHE 1;


ALTER TABLE public.galaxy_galaxy_id_seq OWNER TO freecodecamp;

--
-- Name: galaxy_galaxy_id_seq; Type: SEQUENCE OWNED BY; Schema: public; Owner: freecodecamp
--

ALTER SEQUENCE public.galaxy_galaxy_id_seq OWNED BY public.galaxy.galaxy_id;


--
-- Name: moon; Type: TABLE; Schema: public; Owner: freecodecamp
--

CREATE TABLE public.moon (
    moon_id integer NOT NULL,
    name character varying(60) NOT NULL,
    planet_id integer,
    is_spherical boolean,
    color character varying(30)
);


ALTER TABLE public.moon OWNER TO freecodecamp;

--
-- Name: moon_moon_id_seq; Type: SEQUENCE; Schema: public; Owner: freecodecamp
--

CREATE SEQUENCE public.moon_moon_id_seq
    AS integer
    START WITH 1
    INCREMENT BY 1
    NO MINVALUE
    NO MAXVALUE
    CACHE 1;


ALTER TABLE public.moon_moon_id_seq OWNER TO freecodecamp;

--
-- Name: moon_moon_id_seq; Type: SEQUENCE OWNED BY; Schema: public; Owner: freecodecamp
--

ALTER SEQUENCE public.moon_moon_id_seq OWNED BY public.moon.moon_id;


--
-- Name: planet; Type: TABLE; Schema: public; Owner: freecodecamp
--

CREATE TABLE public.planet (
    planet_id integer NOT NULL,
    name character varying(60) NOT NULL,
    star_id integer,
    num_of_moons integer,
    has_life boolean
);


ALTER TABLE public.planet OWNER TO freecodecamp;

--
-- Name: planet_planet_id_seq; Type: SEQUENCE; Schema: public; Owner: freecodecamp
--

CREATE SEQUENCE public.planet_planet_id_seq
    AS integer
    START WITH 1
    INCREMENT BY 1
    NO MINVALUE
    NO MAXVALUE
    CACHE 1;


ALTER TABLE public.planet_planet_id_seq OWNER TO freecodecamp;

--
-- Name: planet_planet_id_seq; Type: SEQUENCE OWNED BY; Schema: public; Owner: freecodecamp
--

ALTER SEQUENCE public.planet_planet_id_seq OWNED BY public.planet.planet_id;


--
-- Name: star; Type: TABLE; Schema: public; Owner: freecodecamp
--

CREATE TABLE public.star (
    star_id integer NOT NULL,
    name character varying(60) NOT NULL,
    galaxy_id integer,
    num_of_planets integer,
    age_in_millions_of_years numeric(4,1)
);


ALTER TABLE public.star OWNER TO freecodecamp;

--
-- Name: star_star_id_seq; Type: SEQUENCE; Schema: public; Owner: freecodecamp
--

CREATE SEQUENCE public.star_star_id_seq
    AS integer
    START WITH 1
    INCREMENT BY 1
    NO MINVALUE
    NO MAXVALUE
    CACHE 1;


ALTER TABLE public.star_star_id_seq OWNER TO freecodecamp;

--
-- Name: star_star_id_seq; Type: SEQUENCE OWNED BY; Schema: public; Owner: freecodecamp
--

ALTER SEQUENCE public.star_star_id_seq OWNED BY public.star.star_id;


--
-- Name: supercluster; Type: TABLE; Schema: public; Owner: freecodecamp
--

CREATE TABLE public.supercluster (
    supercluster_id integer NOT NULL,
    name character varying(60) NOT NULL,
    description text
);


ALTER TABLE public.supercluster OWNER TO freecodecamp;

--
-- Name: supercluster_supercluster_id_seq; Type: SEQUENCE; Schema: public; Owner: freecodecamp
--

CREATE SEQUENCE public.supercluster_supercluster_id_seq
    AS integer
    START WITH 1
    INCREMENT BY 1
    NO MINVALUE
    NO MAXVALUE
    CACHE 1;


ALTER TABLE public.supercluster_supercluster_id_seq OWNER TO freecodecamp;

--
-- Name: supercluster_supercluster_id_seq; Type: SEQUENCE OWNED BY; Schema: public; Owner: freecodecamp
--

ALTER SEQUENCE public.supercluster_supercluster_id_seq OWNED BY public.supercluster.supercluster_id;


--
-- Name: galaxy galaxy_id; Type: DEFAULT; Schema: public; Owner: freecodecamp
--

ALTER TABLE ONLY public.galaxy ALTER COLUMN galaxy_id SET DEFAULT nextval('public.galaxy_galaxy_id_seq'::regclass);


--
-- Name: moon moon_id; Type: DEFAULT; Schema: public; Owner: freecodecamp
--

ALTER TABLE ONLY public.moon ALTER COLUMN moon_id SET DEFAULT nextval('public.moon_moon_id_seq'::regclass);


--
-- Name: planet planet_id; Type: DEFAULT; Schema: public; Owner: freecodecamp
--

ALTER TABLE ONLY public.planet ALTER COLUMN planet_id SET DEFAULT nextval('public.planet_planet_id_seq'::regclass);


--
-- Name: star star_id; Type: DEFAULT; Schema: public; Owner: freecodecamp
--

ALTER TABLE ONLY public.star ALTER COLUMN star_id SET DEFAULT nextval('public.star_star_id_seq'::regclass);


--
-- Name: supercluster supercluster_id; Type: DEFAULT; Schema: public; Owner: freecodecamp
--

ALTER TABLE ONLY public.supercluster ALTER COLUMN supercluster_id SET DEFAULT nextval('public.supercluster_supercluster_id_seq'::regclass);


--
-- Data for Name: galaxy; Type: TABLE DATA; Schema: public; Owner: freecodecamp
--

INSERT INTO public.galaxy VALUES (1, 'Milk Way', 1, 'Our home galaxy!', NULL);
INSERT INTO public.galaxy VALUES (2, 'Andromeda', 1, 'Our nearest galactic neighbor!', NULL);
INSERT INTO public.galaxy VALUES (3, 'Canis Major', 1, 'Overdensity', NULL);
INSERT INTO public.galaxy VALUES (4, 'Draco II', 1, 'Satellite of Milky Way', 'unknown');
INSERT INTO public.galaxy VALUES (5, 'Tucana III', 1, 'Satellite of Milky Way that is being tidally disrupted', 'unknown');
INSERT INTO public.galaxy VALUES (6, 'Segue 1', 1, 'Satellite of Milky Way', 'unknown');


--
-- Data for Name: moon; Type: TABLE DATA; Schema: public; Owner: freecodecamp
--

INSERT INTO public.moon VALUES (1, 'Luna', 1, true, NULL);
INSERT INTO public.moon VALUES (2, 'Phobos', 2, false, NULL);
INSERT INTO public.moon VALUES (3, 'Deimos', 2, false, NULL);
INSERT INTO public.moon VALUES (4, 'Io', 3, true, 'yellow');
INSERT INTO public.moon VALUES (5, 'Europa', 3, true, 'white');
INSERT INTO public.moon VALUES (6, 'Ganymede', 3, true, 'grey');
INSERT INTO public.moon VALUES (7, 'Callisto', 3, true, 'blue');
INSERT INTO public.moon VALUES (8, 'Adrastea', 3, true, 'unknown');
INSERT INTO public.moon VALUES (9, 'Aitne', 3, true, 'unknown');
INSERT INTO public.moon VALUES (10, 'Amalthea', 3, true, 'unknown');
INSERT INTO public.moon VALUES (11, 'Aoede', 3, true, 'unknown');
INSERT INTO public.moon VALUES (12, 'Arche', 3, true, 'unknown');
INSERT INTO public.moon VALUES (13, 'Autonoe', 3, true, 'unknown');
INSERT INTO public.moon VALUES (14, 'Callirrhoe', 3, true, 'unknown');
INSERT INTO public.moon VALUES (15, 'Carme', 3, true, 'unknown');
INSERT INTO public.moon VALUES (16, 'Carpo', 3, true, 'unknown');
INSERT INTO public.moon VALUES (17, 'Chaldene', 3, true, 'unknown');
INSERT INTO public.moon VALUES (18, 'Cyllene', 3, true, 'unknown');
INSERT INTO public.moon VALUES (19, 'Dia', 3, true, 'unknown');
INSERT INTO public.moon VALUES (20, 'Eirene', 3, true, 'unknown');


--
-- Data for Name: planet; Type: TABLE DATA; Schema: public; Owner: freecodecamp
--

INSERT INTO public.planet VALUES (1, 'Earth', 1, 1, true);
INSERT INTO public.planet VALUES (2, 'Mars', 1, 2, false);
INSERT INTO public.planet VALUES (3, 'Jupiter', 1, 79, false);
INSERT INTO public.planet VALUES (4, 'Mercury', 1, 0, false);
INSERT INTO public.planet VALUES (5, 'Venus', 1, 0, false);
INSERT INTO public.planet VALUES (6, 'Saturn', 1, 82, false);
INSERT INTO public.planet VALUES (7, 'Uranus', 1, 27, false);
INSERT INTO public.planet VALUES (8, 'Neptune', 1, 14, false);
INSERT INTO public.planet VALUES (9, 'Pluto', 1, 1, false);
INSERT INTO public.planet VALUES (10, 'Candidate 1', 2, NULL, false);
INSERT INTO public.planet VALUES (11, 'c', 8, 0, false);
INSERT INTO public.planet VALUES (12, 'b', 8, 0, false);


--
-- Data for Name: star; Type: TABLE DATA; Schema: public; Owner: freecodecamp
--

INSERT INTO public.star VALUES (1, 'Sol', 1, 9, 8.5);
INSERT INTO public.star VALUES (2, 'Alpha Centauri', 1, 2, 8.5);
INSERT INTO public.star VALUES (3, 'Luhman 16', 1, 1, 8.5);
INSERT INTO public.star VALUES (6, 'Barnards Star', 1, 1, 3.4);
INSERT INTO public.star VALUES (7, 'Lalande 21185', 1, 2, 6.5);
INSERT INTO public.star VALUES (8, 'Wolf 359', 1, 2, 4.4);


--
-- Data for Name: supercluster; Type: TABLE DATA; Schema: public; Owner: freecodecamp
--

INSERT INTO public.supercluster VALUES (1, 'Virgo Supercluster', 'Our home supercluster');
INSERT INTO public.supercluster VALUES (2, 'Cetus Supercluster', 'A nearby supercluster');
INSERT INTO public.supercluster VALUES (3, 'Perseus Supercluster', 'A nearby supercluster');


--
-- Name: galaxy_galaxy_id_seq; Type: SEQUENCE SET; Schema: public; Owner: freecodecamp
--

SELECT pg_catalog.setval('public.galaxy_galaxy_id_seq', 6, true);


--
-- Name: moon_moon_id_seq; Type: SEQUENCE SET; Schema: public; Owner: freecodecamp
--

SELECT pg_catalog.setval('public.moon_moon_id_seq', 20, true);


--
-- Name: planet_planet_id_seq; Type: SEQUENCE SET; Schema: public; Owner: freecodecamp
--

SELECT pg_catalog.setval('public.planet_planet_id_seq', 12, true);


--
-- Name: star_star_id_seq; Type: SEQUENCE SET; Schema: public; Owner: freecodecamp
--

SELECT pg_catalog.setval('public.star_star_id_seq', 8, true);


--
-- Name: supercluster_supercluster_id_seq; Type: SEQUENCE SET; Schema: public; Owner: freecodecamp
--

SELECT pg_catalog.setval('public.supercluster_supercluster_id_seq', 3, true);


--
-- Name: galaxy galaxy_name; Type: CONSTRAINT; Schema: public; Owner: freecodecamp
--

ALTER TABLE ONLY public.galaxy
    ADD CONSTRAINT galaxy_name UNIQUE (name);


--
-- Name: galaxy galaxy_pkey; Type: CONSTRAINT; Schema: public; Owner: freecodecamp
--

ALTER TABLE ONLY public.galaxy
    ADD CONSTRAINT galaxy_pkey PRIMARY KEY (galaxy_id);


--
-- Name: moon moon_name; Type: CONSTRAINT; Schema: public; Owner: freecodecamp
--

ALTER TABLE ONLY public.moon
    ADD CONSTRAINT moon_name UNIQUE (name);


--
-- Name: moon moon_pkey; Type: CONSTRAINT; Schema: public; Owner: freecodecamp
--

ALTER TABLE ONLY public.moon
    ADD CONSTRAINT moon_pkey PRIMARY KEY (moon_id);


--
-- Name: planet planet_name; Type: CONSTRAINT; Schema: public; Owner: freecodecamp
--

ALTER TABLE ONLY public.planet
    ADD CONSTRAINT planet_name UNIQUE (name);


--
-- Name: planet planet_pkey; Type: CONSTRAINT; Schema: public; Owner: freecodecamp
--

ALTER TABLE ONLY public.planet
    ADD CONSTRAINT planet_pkey PRIMARY KEY (planet_id);


--
-- Name: star star_name; Type: CONSTRAINT; Schema: public; Owner: freecodecamp
--

ALTER TABLE ONLY public.star
    ADD CONSTRAINT star_name UNIQUE (name);


--
-- Name: star star_pkey; Type: CONSTRAINT; Schema: public; Owner: freecodecamp
--

ALTER TABLE ONLY public.star
    ADD CONSTRAINT star_pkey PRIMARY KEY (star_id);


--
-- Name: supercluster supercluster_name; Type: CONSTRAINT; Schema: public; Owner: freecodecamp
--

ALTER TABLE ONLY public.supercluster
    ADD CONSTRAINT supercluster_name UNIQUE (name);


--
-- Name: supercluster supercluster_pkey; Type: CONSTRAINT; Schema: public; Owner: freecodecamp
--

ALTER TABLE ONLY public.supercluster
    ADD CONSTRAINT supercluster_pkey PRIMARY KEY (supercluster_id);


--
-- Name: galaxy galaxy_supercluster_id_fkey; Type: FK CONSTRAINT; Schema: public; Owner: freecodecamp
--

ALTER TABLE ONLY public.galaxy
    ADD CONSTRAINT galaxy_supercluster_id_fkey FOREIGN KEY (supercluster_id) REFERENCES public.supercluster(supercluster_id);


--
-- Name: moon moon_planet_id_fkey; Type: FK CONSTRAINT; Schema: public; Owner: freecodecamp
--

ALTER TABLE ONLY public.moon
    ADD CONSTRAINT moon_planet_id_fkey FOREIGN KEY (planet_id) REFERENCES public.planet(planet_id);


--
-- Name: planet planet_star_id_fkey; Type: FK CONSTRAINT; Schema: public; Owner: freecodecamp
--

ALTER TABLE ONLY public.planet
    ADD CONSTRAINT planet_star_id_fkey FOREIGN KEY (star_id) REFERENCES public.star(star_id);


--
-- Name: star star_galaxy_id_fkey; Type: FK CONSTRAINT; Schema: public; Owner: freecodecamp
--

ALTER TABLE ONLY public.star
    ADD CONSTRAINT star_galaxy_id_fkey FOREIGN KEY (galaxy_id) REFERENCES public.galaxy(galaxy_id);


--
-- PostgreSQL database dump complete
--

